scientific,commons file,label
# One recording per animal, picked by hand from Wikimedia Commons. The label finishes "Hear its ...".
# Only add a file that is a recording of this animal (not a spoken article or a pronunciation).
Panthera leo,Lion raring-sound1TamilNadu178.ogg,roar
Panthera tigris,439280 schots angry-tiger.wav,growl
Panthera onca,Jaguar saw.flac,sawing call
Acinonyx jubatus,Acoustic-Structure-and-Contextual-Use-of-Calls-by-Captive-Male-and-Female-Cheetahs-(Acinonyx-pone.0158546.s001.oga,purrs and chirps
Elephas maximus,Elephant voice - trumpeting.ogg,trumpet
Giraffa camelopardalis,Giraffe Hum.oga,night-time hum
Bison bison,Bison.wav,grunt
Bison bonasus,Two.european.bison.grunting.ogg,grunts
Alces alces,Moose mate.ogg,call
Cervus elaphus,Red Deer (Cervus elaphus) (W1CDR0001424 BD3).ogg,roar
Camelus bactrianus,Cri du chameau.ogg,groan
Sus scrofa,Boar.Grwls(1).ogg,growls
Phacochoerus africanus,20200322 warthog screeching.ogg,squeal
Ursus arctos,Yellowstone sound library - Grizzly Bear Eating - 002.mp3,munching
Ailuropoda melanoleuca,Giant panda twittering.ogg,bleats
Canis lupus,Wolf howls.ogg,howl
Canis latrans,Pack of coyotes howling.ogg,yips and howls
Vulpes vulpes,Red Fox (Vulpes vulpes) (W1CDR0001529 BD12).ogg,bark
Lycaon pictus,Lycaon pictus hoo-sound.wav,hoo call
Crocuta crocuta,Giggling call of a spotted hyena (Crocuta crocuta) - 1472-6785-10-9-S3.oga,giggle
Suricata suricatta,Erdmaennchen.ogg,alarm calls
Ailurus fulgens,Red panda twittering.ogg,twitter
Procyon lotor,Baby Raccoon Chatter 1.flac,baby's chatter
Meles meles,European Badger (Meles meles) (W1CDR0001490 BD4).ogg,call
Pan troglodytes,Pant-hoot call made by a male chimpanzee.ogg,pant-hoot
Pan paniscus,Bonobos-Extract-Meaning-from-Call-Sequences-pone.0018786.s008.ogg,food calls
Hylobates lar,Lar Gibbon hoots.ogg,song
Lemur catta,Lemur catta--wails & moans & howls.ogg,wails
Indri indri,Roep Indri Indri.ogg,song
Orcinus orca,Killer whale.ogg,calls
Megaptera novaeangliae,Humpback whale moo.ogg,song
Balaenoptera musculus,Blue Whale NE Pacific.ogg,call
Physeter macrocephalus,Sperm Whale Normal Clicks.ogg,clicks
Delphinapterus leucas,Beluga vocalizations.ogg,whistles
Phoca vitulina,"Artis, keffen van een zeehond - SoundCloud - Beeld en Geluid.ogg",bark
Aquila chrysaetos,Golden Eagle (Aquila chrysaetos) (W1CDR0001387 BD6).ogg,call
Haliaeetus leucocephalus,Bald Eagle Yellowstone National Park.ogg,call
Gyps fulvus,Buitre leonado (Gyps fulvus).wav,calls
Vultur gryphus,Andean Condor call (Vultur gryphus).ogg,chick hatching
Bubo scandiacus,Snowy owl scream (loud).wav,scream
Strix aluco,Tawny Owl (Strix aluco) (W1CDR0001427 BD9).ogg,kee-wick call
Tyto alba,Barn Owl (Tyto alba) (W TYTO ALBA R1 C16).ogg,scream
Pavo cristatus,Pavo cristatus (call).ogg,call
Dromaius novaehollandiae,Dromaius novaehollandiae Lue0043 03.wav,drumming call
Apteryx mantelli,Kiwi Male North Island brown kiwi song.ogg,call
Phoenicopterus roseus,Phoenicopterus roseus - Greater Flamingo XC432217.mp3,honk
Pelecanus onocrotalus,Great White Pelican (Pelecanus onocrotalus) sounds.ogg,calls
Ardea cinerea,Grey Heron (Ardea cinerea) (W ARDEA CINEREA R1 C19).ogg,croaks and bill-snaps
Grus japonensis,Red Crowned Crane (Antti Luode).mp3,calls
Cygnus olor,Cygnus olor - Mute Swan XC434964.mp3,wingbeats (it rarely calls)
Anser anser,Anser anser - Greylag Goose XC436358.mp3,honk
Fratercula arctica,Atlantic Puffin (Fratercula arctica) (W1CDR0001416 BD3).ogg,growl
Ramphastos toco,Toco Toucan call (Ramphastos toco).ogg,croak
Ara macao,Scarlet macaw 01.wav,squawk
Colibri coruscans,Colibri coruscans - Sparkling Violetear XC250696.mp3,song
Alcedo atthis,Alcedo atthis - Common Kingfisher XC476785.mp3,whistle
Corvus corax,Common Raven (Corvus corax) (W1CDR0001449 BD6).ogg,croak
Alligator mississippiensis,27alligator2bellow.ogg,bellow
Dermochelys coriacea,Dermochelys coriacea 001.ogg,breathing
Apis mellifera,BioAcoustica 413-2 Apis mellifera 524 .flac,buzz
