scientific,wikipedia,name
Panthera leo,Lion
Panthera tigris,Tiger
Panthera pardus,Leopard
Panthera onca,Jaguar
Panthera uncia,Snow leopard
Acinonyx jubatus,Cheetah
Puma concolor,Cougar
Lynx lynx,Eurasian lynx
Neofelis nebulosa,Clouded leopard
Prionailurus bengalensis,Leopard cat
Caracal caracal,Caracal
Loxodonta africana,African bush elephant
Elephas maximus,Asian elephant
Ceratotherium simum,White rhinoceros
Diceros bicornis,Black rhinoceros
Rhinoceros unicornis,Indian rhinoceros
Hippopotamus amphibius,Hippopotamus
Giraffa camelopardalis,Giraffe
Equus quagga,Plains zebra
Equus grevyi,Grévy's zebra
Equus przewalskii,Przewalski's horse
Syncerus caffer,African buffalo
Bison bison,American bison
Bison bonasus,European bison
Bos mutus,Wild yak
Ovis canadensis,Bighorn sheep
Capra ibex,Alpine ibex
Oreamnos americanus,Mountain goat
Ovibos moschatus,Muskox
Rangifer tarandus,Reindeer
Alces alces,Moose
Cervus elaphus,Red deer
Odocoileus virginianus,White-tailed deer
Okapia johnstoni,Okapi
Connochaetes taurinus,Blue wildebeest
Oryx gazella,Gemsbok
Antilocapra americana,Pronghorn
Camelus bactrianus,Bactrian camel
Vicugna vicugna,Vicuña
Lama glama,Llama
Tapirus terrestris,South American tapir
Tapirus indicus,Malayan tapir
Sus scrofa,Wild boar
Phacochoerus africanus,Common warthog
Ursus arctos,Brown bear
Ursus maritimus,Polar bear
Ursus americanus,American black bear
Ailuropoda melanoleuca,Giant panda
Tremarctos ornatus,Spectacled bear
Helarctos malayanus,Sun bear
Melursus ursinus,Sloth bear
Canis lupus,Wolf
Canis latrans,Coyote
Vulpes vulpes,Red fox
Vulpes lagopus,Arctic fox
Lycaon pictus,African wild dog
Chrysocyon brachyurus,Maned wolf
Crocuta crocuta,Spotted hyena
Hyaena hyaena,Striped hyena
Suricata suricatta,Meerkat
Ailurus fulgens,Red panda
Procyon lotor,Raccoon
Meles meles,European badger
Gulo gulo,Wolverine
Lontra canadensis,North American river otter
Enhydra lutris,Sea otter
Pteronura brasiliensis,Giant otter
Mustela erminea,Stoat
Nasua nasua,South American coati
Gorilla gorilla,Western gorilla
Pan troglodytes,Chimpanzee
Pan paniscus,Bonobo
Pongo pygmaeus,Bornean orangutan
Hylobates lar,White-handed gibbon
Mandrillus sphinx,Mandrill
Papio anubis,Olive baboon
Rhinopithecus roxellana,Golden snub-nosed monkey
Alouatta seniculus,Colombian red howler
Ateles geoffroyi,Geoffroy's spider monkey
Lemur catta,Ring-tailed lemur
Indri indri,Indri
Daubentonia madagascariensis,Aye-aye
Nasalis larvatus,Proboscis monkey
Bradypus variegatus,Brown-throated sloth
Choloepus didactylus,Linnaeus's two-toed sloth
Myrmecophaga tridactyla,Giant anteater
Dasypus novemcinctus,Nine-banded armadillo
Manis javanica,Sunda pangolin
Macropus rufus,Red kangaroo
Macropus giganteus,Eastern grey kangaroo
Phascolarctos cinereus,Koala
Sarcophilus harrisii,Tasmanian devil
Vombatus ursinus,Common wombat
Ornithorhynchus anatinus,Platypus
Tachyglossus aculeatus,Short-beaked echidna
Didelphis virginiana,Virginia opossum
Castor canadensis,North American beaver
Hydrochoerus hydrochaeris,Capybara
Erethizon dorsatum,North American porcupine
Ochotona princeps,American pika
Lepus timidus,Mountain hare
Orcinus orca,Killer whale
Megaptera novaeangliae,Humpback whale
Balaenoptera musculus,Blue whale
Physeter macrocephalus,Sperm whale
Monodon monoceros,Narwhal
Delphinapterus leucas,Beluga whale
Tursiops truncatus,Common bottlenose dolphin
Trichechus manatus,West Indian manatee
Dugong dugon,Dugong
Odobenus rosmarus,Walrus
Phoca vitulina,Harbor seal
Mirounga leonina,Southern elephant seal
Zalophus californianus,California sea lion
Leptonychotes weddellii,Weddell seal
Pteropus medius,Indian flying fox
Aquila chrysaetos,Golden eagle
Haliaeetus leucocephalus,Bald eagle
Harpia harpyja,Harpy eagle
Gyps fulvus,Griffon vulture
Gymnogyps californianus,California condor
Vultur gryphus,Andean condor
Falco peregrinus,Peregrine falcon
Bubo scandiacus,Snowy owl
Strix aluco,Tawny owl
Tyto alba,Barn owl
Pavo cristatus,Indian peafowl
Struthio camelus,Common ostrich
Dromaius novaehollandiae,Emu
Casuarius casuarius,Southern cassowary
Apteryx mantelli,North Island brown kiwi
Aptenodytes forsteri,Emperor penguin
Spheniscus demersus,African penguin
Eudyptes chrysolophus,Macaroni penguin
Phoenicopterus roseus,Greater flamingo
Pelecanus onocrotalus,Great white pelican
Ardea cinerea,Grey heron
Grus japonensis,Red-crowned crane
Cygnus olor,Mute swan
Anser anser,Greylag goose
Diomedea exulans,Wandering albatross
Fratercula arctica,Atlantic puffin
Ramphastos toco,Toco toucan
Ara macao,Scarlet macaw
Trichoglossus moluccanus,Rainbow lorikeet
Cacatua galerita,Sulphur-crested cockatoo
Colibri coruscans,Sparkling violetear
Alcedo atthis,Common kingfisher
Paradisaea apoda,Greater bird-of-paradise
Corvus corax,Common raven
Crocodylus niloticus,Nile crocodile
Alligator mississippiensis,American alligator
Gavialis gangeticus,Gharial
Varanus komodoensis,Komodo dragon
Chamaeleo chamaeleon,Common chameleon
Iguana iguana,Green iguana
Amblyrhynchus cristatus,Marine iguana
Chelonia mydas,Green sea turtle
Dermochelys coriacea,Leatherback sea turtle
Aldabrachelys gigantea,Aldabra giant tortoise
Chelonoidis niger,Galápagos tortoise
Python bivittatus,Burmese python
Ophiophagus hannah,King cobra
Naja naja,Indian cobra
Crotalus atrox,Western diamondback rattlesnake
Eunectes murinus,Green anaconda
Rhincodon typus,Whale shark
Carcharodon carcharias,Great white shark
Sphyrna lewini,Scalloped hammerhead
Manta birostris,Giant oceanic manta ray
Thunnus thynnus,Atlantic bluefin tuna
Hippocampus kuda,Spotted seahorse
Amphiprion ocellaris,Ocellaris clownfish
Latimeria chalumnae,Coelacanth
Dendrobates tinctorius,Dyeing poison dart frog
Ambystoma mexicanum,Axolotl
Andrias japonicus,Japanese giant salamander
Danaus plexippus,Monarch butterfly
Apis mellifera,Western honey bee
Octopus vulgaris,Common octopus
Architeuthis dux,Giant squid
Nautilus pompilius,Nautilus pompilius
Homarus americanus,American lobster
Birgus latro,Coconut crab
Cyanocitta cristata,Blue jay
Corvus brachyrhynchos,American crow
Corvus corone,Carrion crow
Cardinalis cardinalis,Northern cardinal
Turdus migratorius,American robin
Zenaida macroura,Mourning dove
Poecile atricapillus,Black-capped chickadee
Anas platyrhynchos,Mallard
Columba livia,Rock dove
Branta canadensis,Canada goose
Dryobates pubescens,Downy woodpecker
Archilochus colubris,Ruby-throated hummingbird
Agelaius phoeniceus,Red-winged blackbird
Sturnus vulgaris,Common starling
Passer domesticus,House sparrow
Hirundo rustica,Barn swallow
Mimus polyglottos,Northern mockingbird
Spinus tristis,American goldfinch
Buteo jamaicensis,Red-tailed hawk
Bubo virginianus,Great horned owl
Gavia immer,Common loon
Meleagris gallopavo,Wild turkey
Larus argentatus,European herring gull
Erithacus rubecula,European robin
Turdus merula,Common blackbird
Cyanistes caeruleus,Eurasian blue tit
Pica pica,Eurasian magpie
Cuculus canorus,Common cuckoo
Dacelo novaeguineae,Laughing kookaburra
Acridotheres tristis,Common myna
Psittacula krameri,Rose-ringed parakeet
Aurelia aurita,Aurelia aurita,Moon jellyfish
Cyanea capillata,Lion's mane jellyfish
Physalia physalis,Portuguese man o' war
Chironex fleckeri,Chironex fleckeri,Australian box jellyfish
Chrysaora fuscescens,Chrysaora fuscescens,Pacific sea nettle
Rhizostoma pulmo,Rhizostoma pulmo,Barrel jellyfish
Turritopsis dohrnii,Turritopsis dohrnii,Immortal jellyfish
Asterias rubens,Common starfish
Pisaster ochraceus,Pisaster ochraceus,Purple sea star
Acanthaster planci,Crown-of-thorns starfish
Linckia laevigata,Linckia laevigata,Blue sea star
Aphelocoma californica,California scrub jay
Cyanocitta stelleri,Steller's jay
Haemorhous mexicanus,House finch
Junco hyemalis,Dark-eyed junco
Melospiza melodia,Song sparrow
Zonotrichia leucophrys,White-crowned sparrow
Calypte anna,Anna's hummingbird
Streptopelia decaocto,Eurasian collared dove
Colaptes auratus,Northern flicker
Melanerpes formicivorus,Acorn woodpecker
Baeolophus bicolor,Tufted titmouse
Sitta carolinensis,White-breasted nuthatch
Thryothorus ludovicianus,Carolina wren
Sialia sialis,Eastern bluebird
Sialia mexicana,Western bluebird
Bombycilla cedrorum,Cedar waxwing
Icterus galbula,Baltimore oriole
Quiscalus quiscula,Common grackle
Charadrius vociferus,Killdeer
Ardea herodias,Great blue heron
Pelecanus occidentalis,Brown pelican
Pandion haliaetus,Osprey
Cathartes aura,Turkey vulture
Falco sparverius,American kestrel
Megaceryle alcyon,Belted kingfisher
Callipepla californica,California quail
Geococcyx californianus,Greater roadrunner
Sayornis nigricans,Black phoebe
Psaltriparus minimus,American bushtit
Pipilo maculatus,Spotted towhee
Melozone crissalis,California towhee
Setophaga coronata,Yellow-rumped warbler
Larus delawarensis,Ring-billed gull
Parus major,Great tit
Phasianus colchicus,Common pheasant
Lithobates catesbeianus,American bullfrog
Agalychnis callidryas,Agalychnis callidryas,Red-eyed tree frog
Pseudacris crucifer,Spring peeper
Pseudacris regilla,Pacific tree frog
Rana temporaria,Common frog
Bufo bufo,Common toad
Rhinella marina,Cane toad
Dryophytes cinereus,American green tree frog
Ranoidea caerulea,Australian green tree frog
Oophaga pumilio,Strawberry poison dart frog
Ambystoma maculatum,Spotted salamander
Chelydra serpentina,Common snapping turtle
Chrysemys picta,Painted turtle
Terrapene carolina,Common box turtle
Pogona vitticeps,Central bearded dragon
Gekko gecko,Tokay gecko
Thamnophis sirtalis,Common garter snake
Phrynosoma cornutum,Texas horned lizard
Sciurus carolinensis,Eastern gray squirrel
Sciurus vulgaris,Red squirrel
Tamias striatus,Eastern chipmunk
Sylvilagus floridanus,Eastern cottontail
Oryctolagus cuniculus,European rabbit
Erinaceus europaeus,European hedgehog
Mephitis mephitis,Striped skunk
Marmota monax,Groundhog
Myotis lucifugus,Little brown bat
Vulpes zerda,Fennec fox
Coccinella septempunctata,Coccinella septempunctata,Seven-spot ladybird
Photinus pyralis,Photinus pyralis,Common eastern firefly
Bombus terrestris,Bombus terrestris,Buff-tailed bumblebee
Anax junius,Green darner
Mantis religiosa,European mantis
Gryllus campestris,Gryllus campestris,Field cricket
Magicicada septendecim,Magicicada septendecim,17-year cicada
Cornu aspersum,Cornu aspersum,Garden snail
Araneus diadematus,Araneus diadematus,European garden spider
Vanessa cardui,Vanessa cardui,Painted lady
Lumbricus terrestris,Lumbricus terrestris,Common earthworm
Pagurus bernhardus,Pagurus bernhardus,Common hermit crab
Strongylocentrotus purpuratus,Strongylocentrotus purpuratus,Purple sea urchin
Orycteropus afer,Aardvark
Lepus victoriae,African savanna hare
Otocyon megalotis,Bat-eared fox
Tragelaphus eurycerus,Bongo (antelope),Bongo
Tragelaphus scriptus,Harnessed bushbuck,Bushbuck
Colobus angolensis,Angola colobus
Colobus guereza,Mantled guereza,Black-and-white colobus
Madoqua kirkii,Kirk's dik-dik
Cephalophus monticola,Blue duiker
Cephalophus silvicultor,Yellow-backed duiker
Sylvicapra grimmia,Common duiker
Helogale parvula,Common dwarf mongoose
Tragelaphus oryx,Common eland
Rhynchocyon cirnei,Chequered sengi,Chequered elephant shrew
Canis simensis,Ethiopian wolf
Agapornis fischeri,Fischer's lovebird
Loxodonta cyclotis,African forest elephant
Theropithecus gelada,Gelada
Genetta genetta,Common genet
Litocranius walleri,Gerenuk
Nanger granti,Grant's gazelle
Alcelaphus buselaphus,Hartebeest
Atelerix albiventris,Four-toed hedgehog
Choeropsis liberiensis,Pygmy hippopotamus
Parahyaena brunnea,Brown hyena
Procavia capensis,Rock hyrax
Aepyceros melampus,Impala
Canis aureus,Golden jackal
Canis adustus,Side-striped jackal
Canis mesomelas,Black-backed jackal
Kobus kob,Kob
Tragelaphus strepsiceros,Greater kudu
Tragelaphus imberbis,Lesser kudu
Galago senegalensis,Senegal bushbaby,Lesser bush baby
Gorilla beringei,Mountain gorilla
Oryx beisa,East African oryx
Phataginus tricuspis,White-bellied pangolin
Smutsia temminckii,Ground pangolin
Smutsia gigantea,Giant pangolin
Hystrix cristata,Crested porcupine
Hystrix africaeaustralis,Cape porcupine
Atherurus africanus,African brush-tailed porcupine
Mellivora capensis,Honey badger
Hippotragus equinus,Roan antelope
Hippotragus niger,Sable antelope
Leptailurus serval,Serval
Tragelaphus spekii,Sitatunga
Pedetes capensis,South African springhare,Springhare
Eudorcas thomsonii,Thomson's gazelle
Damaliscus lunatus,Topi
Chlorocebus pygerythrus,Vervet monkey
Neophron percnopterus,Egyptian vulture
Necrosyrtes monachus,Hooded vulture
Gyps africanus,White-backed vulture
Gyps rueppellii,Rüppell's vulture
Kobus ellipsiprymnus,Waterbuck
Bugeranus carunculatus,Wattled crane
Papio ursinus,Chacma baboon
Papio cynocephalus,Yellow baboon
Papio hamadryas,Hamadryas baboon
Papio papio,Guinea baboon
Eidolon helvum,Straw-coloured fruit bat
Hypsignathus monstrosus,Hammer-headed bat
Phacochoerus aethiopicus,Desert warthog
Struthio molybdophanes,Somali ostrich
